{
  "W1": {
    "rows": 3,
    "columns": 4,
    "MatrixVector": [
      [
        -0.021077111,
        0.06688354,
        -0.040967543
      ],
      [
        -0.028047591,
        0.058881767,
        -0.74602824
      ],
      [
        -0.03377168,
        -0.11473326,
        1.5019875
      ],
      [
        0.03344637,
        -0.068413585,
        0.65710443
      ]
    ]
  },
  "b1": {
    "rows": 3,
    "columns": 1,
    "MatrixVector": [
      [
        0.0,
        0.01743371,
        -0.14373088
      ]
    ]
  },
  "W2": {
    "rows": 2,
    "columns": 3,
    "MatrixVector": [
      [
        0.011080808,
        -0.014243686
      ],
      [
        -0.15457018,
        -0.020106891
      ],
      [
        1.7861657,
        -0.027925968
      ]
    ]
  },
  "b2": {
    "rows": 2,
    "columns": 1,
    "MatrixVector": [
      [
        -0.15448624,
        0.0
      ]
    ]
  },
  "W3": {
    "rows": 1,
    "columns": 2,
    "MatrixVector": [
      [
        1.7982372
      ],
      [
        0.016655006
      ]
    ]
  },
  "b3": {
    "rows": 1,
    "columns": 1,
    "MatrixVector": [
      [
        -4.3698826
      ]
    ]
  }
}