{
  "W1": {
    "rows": 3,
    "columns": 4,
    "MatrixVector": [
      [
        0.40811116,
        0.3309765,
        -0.012102284
      ],
      [
        0.77833587,
        0.68805563,
        -0.041583363
      ],
      [
        -1.1109017,
        -0.9509413,
        -0.048267026
      ],
      [
        -0.53358877,
        -0.4005999,
        -0.0057563526
      ]
    ]
  },
  "b1": {
    "rows": 3,
    "columns": 1,
    "MatrixVector": [
      [
        0.18506886,
        0.14866918,
        0.0
      ]
    ]
  },
  "W2": {
    "rows": 2,
    "columns": 3,
    "MatrixVector": [
      [
        -0.517057,
        1.4167272
      ],
      [
        -0.3990399,
        1.2127855
      ],
      [
        0.04393825,
        0.026298637
      ]
    ]
  },
  "b2": {
    "rows": 2,
    "columns": 1,
    "MatrixVector": [
      [
        2.2950833,
        -2.1393982E-05
      ]
    ]
  },
  "W3": {
    "rows": 1,
    "columns": 2,
    "MatrixVector": [
      [
        2.3861172
      ],
      [
        -1.863731
      ]
    ]
  },
  "b3": {
    "rows": 1,
    "columns": 1,
    "MatrixVector": [
      [
        2.4430845
      ]
    ]
  }
}