{"W1":{"rows":2,"columns":3,"MatrixVector":[[1.4103009,-0.028597748],[1.4066222,-0.038686786],[1.3908031,0.0355032]]},"b1":{"rows":2,"columns":1,"MatrixVector":[[-3.5180816E-05,0.0]]},"W2":{"rows":1,"columns":2,"MatrixVector":[[2.428442],[-0.04833784]]},"b2":{"rows":1,"columns":1,"MatrixVector":[[-3.6755173]]}}