{
  "W1": {
    "rows": 3,
    "columns": 4,
    "MatrixVector": [
      [
        -0.0346794,
        -0.04601302,
        0.10461827
      ],
      [
        -0.73924625,
        0.020974841,
        0.16262516
      ],
      [
        1.4922634,
        -0.021771122,
        -0.24125634
      ],
      [
        0.6421643,
        0.040962704,
        -0.04984122
      ]
    ]
  },
  "b1": {
    "rows": 3,
    "columns": 1,
    "MatrixVector": [
      [
        -0.11413068,
        0.0,
        0.029807124
      ]
    ]
  },
  "W2": {
    "rows": 2,
    "columns": 3,
    "MatrixVector": [
      [
        0.0014155433,
        1.7667165
      ],
      [
        0.023317438,
        0.012271482
      ],
      [
        -0.017470673,
        -0.30319917
      ]
    ]
  },
  "b2": {
    "rows": 2,
    "columns": 1,
    "MatrixVector": [
      [
        -0.0065521826,
        -0.12166711
      ]
    ]
  },
  "W3": {
    "rows": 1,
    "columns": 2,
    "MatrixVector": [
      [
        -0.010181761
      ],
      [
        1.7955179
      ]
    ]
  },
  "b3": {
    "rows": 1,
    "columns": 1,
    "MatrixVector": [
      [
        -4.3516297
      ]
    ]
  }
}