{
  "W1": {
    "rows": 3,
    "columns": 3,
    "MatrixVector": [
      [
        -0.35058537,
        0.0047964356,
        -0.52750975
      ],
      [
        -0.3561324,
        0.032129485,
        -0.5295601
      ],
      [
        -0.37482873,
        -0.03703068,
        -0.5086152
      ]
    ]
  },
  "b1": {
    "rows": 3,
    "columns": 1,
    "MatrixVector": [
      [
        1.0815719,
        -0.000691934,
        1.5656255
      ]
    ]
  },
  "W2": {
    "rows": 2,
    "columns": 3,
    "MatrixVector": [
      [
        1.1634719,
        0.003191787
      ],
      [
        -0.030730926,
        -0.00092667376
      ],
      [
        1.686314,
        0.0012162547
      ]
    ]
  },
  "b2": {
    "rows": 2,
    "columns": 1,
    "MatrixVector": [
      [
        -1.977547E-05,
        -0.03640464
      ]
    ]
  },
  "W3": {
    "rows": 1,
    "columns": 2,
    "MatrixVector": [
      [
        -2.0482132
      ],
      [
        0.036649544
      ]
    ]
  },
  "b3": {
    "rows": 1,
    "columns": 1,
    "MatrixVector": [
      [
        3.9580433
      ]
    ]
  }
}