{
  "W1": {
    "rows": 3,
    "columns": 3,
    "MatrixVector": [
      [
        0.18495183,
        -0.6643102,
        0.3016233
      ],
      [
        0.12938114,
        -0.676224,
        0.20587306
      ],
      [
        0.19213057,
        -0.60329705,
        0.2817331
      ]
    ]
  },
  "b1": {
    "rows": 3,
    "columns": 1,
    "MatrixVector": [
      [
        4.953513E-06,
        1.4385881,
        8.407451E-07
      ]
    ]
  },
  "W2": {
    "rows": 2,
    "columns": 3,
    "MatrixVector": [
      [
        -0.18262972,
        -0.22784264
      ],
      [
        1.0765431,
        1.4736365
      ],
      [
        -0.24265188,
        -0.3872963
      ]
    ]
  },
  "b2": {
    "rows": 2,
    "columns": 1,
    "MatrixVector": [
      [
        0.28390104,
        0.42096058
      ]
    ]
  },
  "W3": {
    "rows": 1,
    "columns": 2,
    "MatrixVector": [
      [
        -1.1533638
      ],
      [
        -1.5964329
      ]
    ]
  },
  "b3": {
    "rows": 1,
    "columns": 1,
    "MatrixVector": [
      [
        2.9957836
      ]
    ]
  }
}